"ID","Description","GeneRatio","BgRatio","RichFactor","FoldEnrichment","zScore","pvalue","p.adjust","qvalue","geneID","Count"
"GO:0030198","extracellular matrix organization","39/417","331/18860",0.117824773413897,5.32895737790432,11.9476609767861,1.22762662989462e-17,1.94017628911342e-14,1.69757126001136e-14,"COL11A1/CTSK/DPT/ERO1B/P4HA1/MMP7/MMP1/MMP12/POSTN/MMP14/FLRT2/ERO1A/GREM1/COL1A1/SERPINB5/MIA/COMP/ANTXR1/COL3A1/PXDN/MATN3/FAP/COL5A2/MMP9/FERMT1/SULF2/MMP11/ITGA2/TGFBI/ADAMTS12/ADAMTS6/COL12A1/AEBP1/COL1A2/PRSS2/PRSS1/SULF1/LOXL2/MIR27B",39
"GO:0043062","extracellular structure organization","39/417","332/18860",0.117469879518072,5.31290630146485,11.9216500293462,1.36349369769985e-17,1.94017628911342e-14,1.69757126001136e-14,"COL11A1/CTSK/DPT/ERO1B/P4HA1/MMP7/MMP1/MMP12/POSTN/MMP14/FLRT2/ERO1A/GREM1/COL1A1/SERPINB5/MIA/COMP/ANTXR1/COL3A1/PXDN/MATN3/FAP/COL5A2/MMP9/FERMT1/SULF2/MMP11/ITGA2/TGFBI/ADAMTS12/ADAMTS6/COL12A1/AEBP1/COL1A2/PRSS2/PRSS1/SULF1/LOXL2/MIR27B",39
"GO:0045229","external encapsulating structure organization","39/417","333/18860",0.117117117117117,5.29695162788688,11.8957438868562,1.51379164300137e-17,1.94017628911342e-14,1.69757126001136e-14,"COL11A1/CTSK/DPT/ERO1B/P4HA1/MMP7/MMP1/MMP12/POSTN/MMP14/FLRT2/ERO1A/GREM1/COL1A1/SERPINB5/MIA/COMP/ANTXR1/COL3A1/PXDN/MATN3/FAP/COL5A2/MMP9/FERMT1/SULF2/MMP11/ITGA2/TGFBI/ADAMTS12/ADAMTS6/COL12A1/AEBP1/COL1A2/PRSS2/PRSS1/SULF1/LOXL2/MIR27B",39
"GO:0007586","digestion","23/417","148/18860",0.155405405405405,7.02864735238836,11.0713915006462,1.92035928741152e-13,1.84594536502433e-10,1.61512323225454e-10,"AMY2A/CHRM3/PNLIP/PNLIPRP2/SERPINA3/GCNT3/CTRB1/CTRB2/KCNN4/TFF2/TFF1/PLS1/MUC13/SST/NMU/CLPS/CD36/PRSS2/PRSS1/PRSS3/CEL/HEPH/VSIG1",23
"GO:0030199","collagen fibril organization","16/417","71/18860",0.225352112676056,10.1921842807444,11.6683013828109,2.58310756463626e-12,1.98640971720528e-09,1.73802353191105e-09,"COL11A1/DPT/P4HA1/ERO1A/GREM1/COL1A1/COMP/COL3A1/PXDN/COL5A2/MMP11/ADAMTS12/COL12A1/AEBP1/COL1A2/LOXL2",16
"GO:0042445","hormone metabolic process","27/417","246/18860",0.109756097560976,4.96402877697842,9.41013972384586,7.77142863628026e-12,4.9801905177496e-09,4.35745367044767e-09,"NR5A2/CTSK/ERO1B/CYP2C18/PNLIP/ANPEP/CHST9/DHRS9/UGT1A1/UGT1A8/UGT1A7/UGT1A3/UGT1A9/CORIN/UGT2B15/UGT2B7/UGT2B10/UGT2B17/SULT1B1/ADH1B/PCSK1/SLC16A10/INHBA/SLC30A8/SDR16C5/CEL/ALDH1A1",27
"GO:0050878","regulation of body fluid levels","33/417","389/18860",0.0848329048843188,3.83680716095504,8.50101897714755,4.29819745666525e-11,2.36093846012541e-08,2.06572016112814e-08,"CELA2A/CHRM3/ANGPTL1/ANXA8/PLAU/ANO1/OAS2/SCNN1A/TSPAN8/DGKH/PDIA2/TTR/COMP/CEACAM1/KCNN4/HK2/COL3A1/XDH/FAP/FN1/KLKB1/F11/NPR3/ITGA2/CD36/CFTR/AGR2/TFPI2/ANGPT2/FGL1/PLAT/CEL/F8",33
"GO:0031589","cell-substrate adhesion","30/417","369/18860",0.0813008130081301,3.67705835331735,7.80912538916469,9.40730736263312e-10,4.52138710116554e-07,3.9560203067073e-07,"PLAU/COL17A1/LYVE1/MMP12/POSTN/MMP14/GREM1/ONECUT1/ITGA11/CDH11/ITGA3/ITGB4/COL1A1/CEACAM6/ANTXR1/COL3A1/ITGB6/FN1/FERMT1/COL8A1/LEF1/ITGA2/ADAMTS12/EDIL3/EFNA5/PKHD1/CD36/AGR2/ADAM9/ANGPT2",30
"GO:0006805","xenobiotic metabolic process","18/417","135/18860",0.133333333333333,6.03037569944045,8.81998746133822,1.09710067291062e-09,4.56608740495598e-07,3.99513116042415e-07,"CYP2C18/SLCO1B3/NQO1/AOX1/UGT1A1/UGT1A6/UGT1A10/UGT1A8/UGT1A7/UGT1A3/UGT1A9/UGT2B15/UGT2B7/UGT2B17/SULT1B1/GSTA2/GSTA1/MIR27B",18
"GO:0043588","skin development","28/417","329/18860",0.0851063829787234,3.84917597836624,7.83933763601725,1.2469256978909e-09,4.56608740495598e-07,3.99513116042415e-07,"DKK1/KRT7/KRT6C/KRT6A/KRT6B/KRT5/SCEL/CDH3/KRT17/ITGA3/ITGB4/TRIM16/COL1A1/COMP/REG3G/COL3A1/REG3A/ITGB6/COL5A2/IGFBP5/FERMT1/ITGA2/FOXQ1/CD109/COL1A2/MET/INHBA/ADAM9",28
"GO:0007160","cell-matrix adhesion","24/417","246/18860",0.0975609756097561,4.41247002398082,8.10080388810203,1.30629288568311e-09,4.56608740495598e-07,3.99513116042415e-07,"PLAU/COL17A1/LYVE1/MMP12/POSTN/MMP14/GREM1/ONECUT1/ITGA11/CDH11/ITGA3/ITGB4/CEACAM6/COL3A1/ITGB6/FN1/FERMT1/LEF1/ITGA2/ADAMTS12/EFNA5/PKHD1/CD36/ADAM9",24
"GO:0001523","retinoid metabolic process","14/417","87/18860",0.160919540229885,7.27803963725571,8.82527839550605,6.69327749243543e-09,2.14463766320118e-06,1.87646621630032e-06,"CYP2C18/PNLIP/TTR/DHRS9/UGT1A1/UGT1A8/UGT1A7/UGT1A3/UGT1A9/ADH1B/CLPS/SDR16C5/CEL/ALDH1A1",14
"GO:0009812","flavonoid metabolic process","7/417","14/18860",0.5,22.6139088729017,12.164641518067,7.37643082821519e-09,2.18172127188365e-06,1.90891278760937e-06,"UGT1A1/UGT1A10/UGT1A8/UGT1A7/UGT1A3/UGT1A9/SULT1B1",7
"GO:0016101","diterpenoid metabolic process","14/417","91/18860",0.153846153846154,6.95812580704667,8.56685414362378,1.21985553581637e-08,3.35024609658139e-06,2.93132202441287e-06,"CYP2C18/PNLIP/TTR/DHRS9/UGT1A1/UGT1A8/UGT1A7/UGT1A3/UGT1A9/ADH1B/CLPS/SDR16C5/CEL/ALDH1A1",14
"GO:0035987","endodermal cell differentiation","11/417","53/18860",0.207547169811321,9.38690556988372,9.19372481453937,1.79105567814416e-08,4.59107272164287e-06,4.01699224375351e-06,"COL11A1/LAMB3/DKK1/MMP14/LAMA3/COL5A2/FN1/MMP9/COL8A1/COL12A1/INHBA",11
"GO:0042060","wound healing","31/417","453/18860",0.0684326710816777,3.09506037554063,6.78681033416875,2.92860675524969e-08,7.03780810870941e-06,6.15778104590658e-06,"CELA2A/ANGPTL1/ANXA8/PLAU/MYOF/MMP12/KRT6A/TSPAN8/DGKH/PDIA2/COMP/CEACAM1/REG3G/COL3A1/REG3A/ITGB6/FAP/FN1/FERMT1/DCBLD2/KLKB1/F11/ITGA2/CD109/CD36/TFPI2/ANGPT2/FGL1/PLAT/EPB41L4B/F8",31
"GO:0009410","response to xenobiotic stimulus","30/417","443/18860",0.0677200902934537,3.06283190152167,6.6064451375188,6.2130211951122e-08,1.40523920560038e-05,1.22952419440115e-05,"CENPF/CYP2C18/SLC1A2/MMP7/ENO2/SLCO1B3/ABAT/NQO1/ITGA3/COL1A1/FOSB/AOX1/UGT1A1/UGT1A6/UGT1A10/UGT1A8/UGT1A7/UGT1A3/UGT1A9/SST/UGT2B15/UGT2B7/UGT2B17/SULT1B1/ITGA2/GSTA2/GSTA1/SEMA3C/MIR27B/LCN2",30
"GO:0006721","terpenoid metabolic process","14/417","106/18860",0.132075471698113,5.97348536265327,7.72108610192305,8.93334509784926e-08,1.90826177229058e-05,1.66964742296645e-05,"CYP2C18/PNLIP/TTR/DHRS9/UGT1A1/UGT1A8/UGT1A7/UGT1A3/UGT1A9/ADH1B/CLPS/SDR16C5/CEL/ALDH1A1",14
"GO:0001706","endoderm formation","11/417","62/18860",0.17741935483871,8.02429024522318,8.33017346551843,9.98929959332855e-08,2.02151878612359e-05,1.76874246538936e-05,"COL11A1/LAMB3/DKK1/MMP14/LAMA3/COL5A2/FN1/MMP9/COL8A1/COL12A1/INHBA",11
"GO:0007596","blood coagulation","21/417","243/18860",0.0864197530864197,3.90857684222992,6.86183710536152,1.16787373418795e-07,2.24523725397634e-05,1.96448655498142e-05,"CELA2A/ANGPTL1/ANXA8/PLAU/TSPAN8/DGKH/PDIA2/COMP/CEACAM1/COL3A1/FAP/FN1/KLKB1/F11/ITGA2/CD36/TFPI2/ANGPT2/FGL1/PLAT/F8",21
"GO:0050817","coagulation","21/417","248/18860",0.0846774193548387,3.82977488976561,6.7451681650205,1.64881979990074e-07,3.0189105383897e-05,2.64141758420189e-05,"CELA2A/ANGPTL1/ANXA8/PLAU/TSPAN8/DGKH/PDIA2/COMP/CEACAM1/COL3A1/FAP/FN1/KLKB1/F11/ITGA2/CD36/TFPI2/ANGPT2/FGL1/PLAT/F8",21
"GO:0045922","negative regulation of fatty acid metabolic process","10/417","52/18860",0.192307692307692,8.69765725880834,8.35796423562602,1.73102864095523e-07,3.02536596566948e-05,2.64706580693441e-05,"CEACAM1/UGT1A1/UGT1A6/UGT1A4/UGT1A10/UGT1A8/UGT1A7/UGT1A3/UGT1A9/ACADL",10
"GO:0007599","hemostasis","21/417","250/18860",0.084,3.79913669064748,6.69934740421949,1.8877570004401e-07,3.1558372463879e-05,2.76122259652473e-05,"CELA2A/ANGPTL1/ANXA8/PLAU/TSPAN8/DGKH/PDIA2/COMP/CEACAM1/COL3A1/FAP/FN1/KLKB1/F11/ITGA2/CD36/TFPI2/ANGPT2/FGL1/PLAT/F8",21
"GO:0022600","digestive system process","14/417","116/18860",0.120689655172414,5.45852972794178,7.24271003107708,2.79936156884396e-07,4.48481051341877e-05,3.92401735702864e-05,"CHRM3/PNLIP/SERPINA3/GCNT3/KCNN4/TFF2/TFF1/PLS1/MUC13/NMU/CD36/CEL/HEPH/VSIG1",14
"GO:0001704","formation of primary germ layer","15/417","135/18860",0.111111111111111,5.02531308286704,7.05776527244221,3.14950027034005e-07,4.843931415783e-05,4.23823278484497e-05,"COL11A1/LAMB3/DKK1/MMP14/ITGA3/ITGB4/LAMA3/COL5A2/FN1/MMP9/COL8A1/LEF1/ITGA2/COL12A1/INHBA",15
"GO:0042573","retinoic acid metabolic process","8/417","33/18860",0.242424242424242,10.9643194535281,8.61441173932025,4.56750896978485e-07,6.74364820103152e-05,5.9004037096699e-05,"CYP2C18/DHRS9/UGT1A1/UGT1A8/UGT1A7/UGT1A3/UGT1A9/ADH1B",8
"GO:0006720","isoprenoid metabolic process","14/417","121/18860",0.115702479338843,5.23297064827477,7.02386751443688,4.73546167562681e-07,6.74364820103152e-05,5.9004037096699e-05,"CYP2C18/PNLIP/TTR/DHRS9/UGT1A1/UGT1A8/UGT1A7/UGT1A3/UGT1A9/ADH1B/CLPS/SDR16C5/CEL/ALDH1A1",14
"GO:0030574","collagen catabolic process","9/417","45/18860",0.2,9.04556354916067,8.12497792502859,5.07292604383443e-07,6.96621451376549e-05,6.09513971281761e-05,"CTSK/MMP7/MMP1/MMP12/MMP14/FAP/MMP9/MMP11/PRSS2",9
"GO:0071466","cellular response to xenobiotic stimulus","18/417","202/18860",0.0891089108910891,4.03020158130921,6.51067827855695,6.00423790412939e-07,7.96079129013017e-05,6.96535184812977e-05,"CYP2C18/SLCO1B3/NQO1/AOX1/UGT1A1/UGT1A6/UGT1A10/UGT1A8/UGT1A7/UGT1A3/UGT1A9/UGT2B15/UGT2B7/UGT2B17/SULT1B1/GSTA2/GSTA1/MIR27B",18
"GO:0007492","endoderm development","12/417","90/18860",0.133333333333333,6.03037569944045,7.19285184632537,6.73472564884476e-07,8.63167337326936e-05,7.55234497323082e-05,"COL11A1/LAMB3/DKK1/MMP14/ONECUT1/LAMA3/COL5A2/FN1/MMP9/COL8A1/COL12A1/INHBA",12
"GO:0010810","regulation of cell-substrate adhesion","19/417","230/18860",0.0826086956521739,3.73621103117506,6.27796159521508,9.34067001064433e-07,0.000115854439325572,0.000101367678621458,"PLAU/MMP12/POSTN/MMP14/GREM1/ONECUT1/ITGA3/COL1A1/CEACAM6/FN1/FERMT1/COL8A1/LEF1/EDIL3/EFNA5/PKHD1/CD36/AGR2/ANGPT2",19
"GO:0008544","epidermis development","26/417","402/18860",0.0646766169154229,2.92518224226589,5.86683842113092,1.14510406646448e-06,0.000137591410486123,0.000120386598566463,"LAMC2/MCOLN3/LAMB3/DKK1/COL17A1/KRT7/KRT6C/KRT6A/KRT6B/KRT5/SCEL/CDH3/KRT17/TRIM16/LAMA3/REG3G/REG3A/IGFBP5/FERMT1/PLS1/FOXQ1/CD109/SLC44A4/MET/INHBA/ADAM9",26
"GO:0032963","collagen metabolic process","13/417","116/18860",0.112068965517241,5.06863474737451,6.60934063373434,1.75245066629582e-06,0.000204187054906286,0.00017865493873944,"CTSK/MMP7/MMP1/MMP12/MMP14/COL1A1/FAP/MMP9/MMP11/ITGA2/COL1A2/PRSS2/INHBA",13
"GO:1900047","negative regulation of hemostasis","9/417","53/18860",0.169811320754717,7.68019546626849,7.32282941693566,2.16976515725964e-06,0.000245374912637157,0.000214692552402533,"PLAU/TSPAN8/COMP/CEACAM1/FAP/KLKB1/F11/ANGPT2/PLAT",9
"GO:1903035","negative regulation of response to wounding","12/417","101/18860",0.118811881188119,5.37360210841228,6.62684312874948,2.35509390806428e-06,0.000258723887900204,0.000226372334742058,"PLAU/TSPAN8/DSG2/CEACAM1/REG3A/FAP/EPHA4/KLKB1/F11/CD109/ANGPT2/PLAT",12
"GO:0009612","response to mechanical stimulus","18/417","228/18860",0.0789473684210526,3.57061719045816,5.87200839521387,3.44141575106418e-06,0.000367562321190049,0.000321601308198863,"BTG2/SLC2A1/COL11A1/CXCL12/BNIP3/BACE1/KRT5/SCEL/POSTN/MMP14/TMC7/COL1A1/FOSB/TTN/ITGA2/ADGRV1/ETV1/ANGPT2",18
"GO:0022617","extracellular matrix disassembly","10/417","72/18860",0.138888888888889,6.2816413535838,6.75159611275231,3.95756064907636e-06,0.000400442649886805,0.00035037018931989,"CTSK/MMP7/MMP1/MMP12/MMP14/FAP/MMP9/MMP11/PRSS2/PRSS1",10
"GO:1900046","regulation of hemostasis","10/417","72/18860",0.138888888888889,6.2816413535838,6.75159611275231,3.95756064907636e-06,0.000400442649886805,0.00035037018931989,"PLAU/TSPAN8/COMP/CEACAM1/FAP/KLKB1/F11/CD36/ANGPT2/PLAT",10
"GO:0098754","detoxification","15/417","166/18860",0.0903614457831325,4.08685100112681,6.00662012060713,4.38570269055113e-06,0.000432385303722284,0.000378318645047272,"PDZK1/GPX2/AQP8/MT1G/NQO1/UGT1A10/UGT1A7/PXDN/CP/ALB/GPX8/SLC22A3/GSTA1/CD36/ALDH1A1",15
"GO:0051216","cartilage development","17/417","216/18860",0.0787037037037037,3.55959676703082,5.68905923899993,6.69019111126305e-06,0.000643094620570161,0.000562680283989387,"NR5A2/COL11A1/CTSK/EPYC/GREM1/COL1A1/COMP/COL3A1/MBOAT2/MATN3/SULF2/TGFBI/ADAMTS12/RUNX2/SULF1/LOXL2/BGN",17
"GO:0008202","steroid metabolic process","22/417","345/18860",0.063768115942029,2.88409272581934,5.31081944598448,9.59953815538662e-06,0.000900249370913697,0.000787679690490774,"NR5A2/PROX1/AQP8/DHRS9/UGT1A1/UGT1A4/UGT1A8/UGT1A7/UGT1A5/UGT1A3/ACADL/APOL1/UGT2B15/UGT2B7/UGT2B10/UGT2B17/GC/CFTR/OSBPL3/INHBA/EPHX2/MIR27B",22
"GO:0009636","response to toxic substance","19/417","270/18860",0.0703703703703704,3.18269828581579,5.43184625708282,9.83781690159724e-06,0.000900628713967652,0.00078801159943621,"PDZK1/GPX2/AQP8/MT1G/NQO1/UGT1A10/UGT1A7/PXDN/CP/ALB/EDNRA/GPX8/SLC22A3/GSTA1/CD36/EPHX2/LCN2/ALDH1A1/SLC6A14",19
"GO:1903034","regulation of response to wounding","15/417","179/18860",0.0837988826815642,3.79004059322374,5.63960324686077,1.09941626097888e-05,0.000944695269646244,0.000826567950664403,"PLAU/TSPAN8/DSG2/CEACAM1/REG3G/REG3A/FAP/EPHA4/FERMT1/KLKB1/F11/CD109/CD36/ANGPT2/PLAT",15
"GO:0007229","integrin-mediated signaling pathway","12/417","117/18860",0.102564102564103,4.63875053803111,5.9365924519066,1.1019617067987e-05,0.000944695269646244,0.000826567950664403,"PLAU/ITGA11/SEMA7A/ITGA3/ITGB4/CEACAM1/COL3A1/ITGB6/FN1/FERMT1/ITGA2/ADAM9",12
"GO:0016485","protein processing","18/417","248/18860",0.0725806451612903,3.28266419122766,5.44105253382061,1.10562515303202e-05,0.000944695269646244,0.000826567950664403,"ERO1B/PLAU/CUZD1/TMPRSS4/BACE1/MMP14/ANPEP/COMP/KLK1/IL1R2/KLKB1/F11/CORIN/PCSK1/ADAM9/SLC30A8/PLAT/PRSS3",18
"GO:0061041","regulation of wound healing","13/417","139/18860",0.0935251798561151,4.22993978917585,5.74710166296474,1.31063215341037e-05,0.00107268098308294,0.000938549975205824,"PLAU/TSPAN8/CEACAM1/REG3G/REG3A/FAP/FERMT1/KLKB1/F11/CD109/CD36/ANGPT2/PLAT",13
"GO:0002062","chondrocyte differentiation","12/417","119/18860",0.100840336134454,4.56078834411462,5.85915294270201,1.31120952418461e-05,0.00107268098308294,0.000938549975205824,"NR5A2/COL11A1/GREM1/COMP/COL3A1/MBOAT2/SULF2/TGFBI/ADAMTS12/RUNX2/SULF1/LOXL2",12
"GO:0015711","organic anion transport","26/417","466/18860",0.055793991416309,2.52344047508774,5.00716533295936,1.63422933405463e-05,0.00128826135330909,0.00112717357748979,"SLC2A1/SLC26A9/ACSL5/SLC16A12/SLC1A2/SLC43A1/SLCO1B3/SLC39A5/PLA2G1B/ABAT/SLC16A3/CEACAM1/SLC3A1/UGT1A3/PLA2R1/SLC6A6/SLC4A4/SLC17A4/SLC16A10/SLC22A3/SLC44A4/CD36/CFTR/SLC7A2/FABP4/SLC6A14",26
"GO:0141091","transforming growth factor beta receptor superfamily signaling pathway","24/417","411/18860",0.0583941605839416,2.64104045230968,5.05784314576518,1.65477984932517e-05,0.00128826135330909,0.00112717357748979,"DKK1/SLC39A5/ERO1A/GREM1/FBN1/ONECUT1/CDH3/ITGA3/COMP/LTBP1/TNFAIP6/COL3A1/ITGB6/FERMT1/LEF1/HPGD/RUNX2/CD109/COL1A2/INHBA/ADAM9/SULF1/MIR27B/CHRDL1",24
"GO:0045833","negative regulation of lipid metabolic process","12/417","122/18860",0.0983606557377049,4.44863781106262,5.74615660689024,1.69010013513617e-05,0.00128826135330909,0.00112717357748979,"PROX1/CEACAM1/UGT1A1/UGT1A6/UGT1A4/UGT1A10/UGT1A8/UGT1A7/UGT1A3/UGT1A9/ACADL/MIR27B",12
"GO:0030195","negative regulation of blood coagulation","8/417","52/18860",0.153846153846154,6.95812580704667,6.46921533816973,1.71466033828048e-05,0.00128826135330909,0.00112717357748979,"PLAU/TSPAN8/CEACAM1/FAP/KLKB1/F11/ANGPT2/PLAT",8
"GO:0050673","epithelial cell proliferation","27/417","496/18860",0.0544354838709677,2.46199814342075,4.96152966021677,1.74225202528147e-05,0.00128826135330909,0.00112717357748979,"PROX1/CXCL12/MMP12/EFNB2/MMP14/CDH3/SERPINB5/CEACAM1/REG3G/NRP2/REG3A/FAP/IGFBP5/FERMT1/SULF2/COL8A1/CLDN18/AREG/EGF/RUNX2/CD109/PKHD1/SULF1/FGL1/LOXL2/SDR16C5/MIR27B",27
"GO:0008210","estrogen metabolic process","7/417","39/18860",0.17948717948718,8.11781344155445,6.69066263213688,2.05011757412628e-05,0.00148730227783312,0.00130132587227559,"UGT1A1/UGT1A7/UGT1A3/UGT2B15/UGT2B7/UGT2B10/UGT2B17",7
"GO:0030193","regulation of blood coagulation","9/417","70/18860",0.128571428571429,5.81500513874615,6.06867611077335,2.28587004954632e-05,0.00162762413713067,0.00142410149675439,"PLAU/TSPAN8/CEACAM1/FAP/KLKB1/F11/CD36/ANGPT2/PLAT",9
"GO:0051917","regulation of fibrinolysis","5/417","17/18860",0.294117647058824,13.302299337001,7.63039993204692,2.56323945095586e-05,0.00179193739798642,0.00156786857134066,"PLAU/FAP/KLKB1/F11/PLAT",5
"GO:0048732","gland development","25/417","454/18860",0.0550660792951542,2.49051859833719,4.83389476656347,2.95334615477738e-05,0.0019864027233367,0.0017380174125752,"NR5A2/PROX1/OAS2/ONECUT1/ATP2C2/SERPINB5/CEACAM1/HK2/UGT1A10/UGT1A8/UGT1A7/UGT1A9/XDH/IGFBP5/TGM2/SULF2/AREG/EGF/EDNRA/LEF1/ITGA2/MET/SEMA3C/SULF1/FGL1",25
"GO:0098739","import across plasma membrane","16/417","218/18860",0.073394495412844,3.31947286207731,5.1794407008726,2.95523688307384e-05,0.0019864027233367,0.0017380174125752,"SLC2A1/ACSL5/SLC1A2/SLC43A1/SLC39A5/SCNN1A/AQP8/KCNJ16/KCNN4/SLC9A2/SLC6A6/CD36/SLC7A2/SLC30A8/LCN2/SLC6A14",16
"GO:0050819","negative regulation of coagulation","8/417","56/18860",0.142857142857143,6.46111682082905,6.15406294029179,2.99639422505925e-05,0.0019864027233367,0.0017380174125752,"PLAU/TSPAN8/CEACAM1/FAP/KLKB1/F11/ANGPT2/PLAT",8
"GO:0048771","tissue remodeling","15/417","197/18860",0.0761421319796954,3.44374246795457,5.18453004766185,3.4146773883915e-05,0.00216117496224544,0.00189093564556469,"CTSK/NOX4/IAPP/MMP14/GREM1/CEACAM1/IGFBP5/CLDN18/EDNRA/NPR3/SEMA3C/PDK4/CTHRC1/MIR27B/BGN",15
"GO:0031638","zymogen activation","8/417","57/18860",0.140350877192982,6.34776389414784,6.08005704770194,3.41908836810571e-05,0.00216117496224544,0.00189093564556469,"PLAU/CUZD1/MMP14/KLK1/KLKB1/F11/PLAT/PRSS3",8
"GO:0001952","regulation of cell-matrix adhesion","12/417","131/18860",0.0916030534351145,4.14300620572245,5.42794159692852,3.45595388056192e-05,0.00216117496224544,0.00189093564556469,"PLAU/MMP12/POSTN/MMP14/GREM1/ONECUT1/CEACAM6/FERMT1/LEF1/EFNA5/PKHD1/CD36",12
"GO:1901142","insulin metabolic process","5/417","18/18860",0.277777777777778,12.5632827071676,7.38015479701925,3.48485949698875e-05,0.00216117496224544,0.00189093564556469,"CELA2A/ERO1B/CEACAM1/PCSK1/SLC30A8",5
"GO:0062014","negative regulation of small molecule metabolic process","12/417","133/18860",0.0902255639097744,4.08070536052361,5.36109439529468,4.01625765635958e-05,0.00245119217280993,0.00214468829903512,"PROX1/CEACAM1/UGT1A1/UGT1A6/UGT1A4/UGT1A10/UGT1A8/UGT1A7/UGT1A3/UGT1A9/ACADL/MIR27B",12
"GO:0097237","cellular response to toxic substance","12/417","134/18860",0.0895522388059701,4.05025233544508,5.3281596901832,4.32479414381218e-05,0.00259593160999704,0.00227132911520102,"GPX2/AQP8/NQO1/PXDN/CP/ALB/EDNRA/GPX8/SLC22A3/GSTA1/CD36/ALDH1A1",12
"GO:0033627","cell adhesion mediated by integrin","9/417","76/18860",0.118421052631579,5.35592578568724,5.72143281872163,4.45595542938373e-05,0.00259593160999704,0.00227132911520102,"MUC1/PLAU/FBN1/ITGA11/ITGB4/ITGB6/FERMT1/ITGA2/ADAM9",9
"GO:0050818","regulation of coagulation","9/417","76/18860",0.118421052631579,5.35592578568724,5.72143281872163,4.45595542938373e-05,0.00259593160999704,0.00227132911520102,"PLAU/TSPAN8/CEACAM1/FAP/KLKB1/F11/CD36/ANGPT2/PLAT",9
"GO:0046942","carboxylic acid transport","21/417","356/18860",0.0589887640449438,2.66793306927492,4.77729855355339,4.80912030057673e-05,0.00271179533507618,0.00237270491845964,"SLC2A1/SLC26A9/ACSL5/SLC16A12/SLC1A2/SLC43A1/SLCO1B3/PLA2G1B/ABAT/SLC16A3/CEACAM1/SLC3A1/UGT1A3/PLA2R1/SLC6A6/SLC16A10/SLC22A3/CD36/SLC7A2/FABP4/SLC6A14",21
"GO:0007369","gastrulation","15/417","203/18860",0.0738916256157636,3.34195697629089,5.04449388904782,4.82890348435637e-05,0.00271179533507618,0.00237270491845964,"COL11A1/LAMB3/DKK1/MMP14/ITGA3/ITGB4/LAMA3/COL5A2/FN1/MMP9/COL8A1/LEF1/ITGA2/COL12A1/INHBA",15
"GO:0019217","regulation of fatty acid metabolic process","11/417","115/18860",0.0956521739130435,4.32613908872902,5.37970149496334,4.90357549129704e-05,0.00271179533507618,0.00237270491845964,"CEACAM1/UGT1A1/UGT1A6/UGT1A4/UGT1A10/UGT1A8/UGT1A7/UGT1A3/UGT1A9/ACADL/PDK4",11
"GO:0061045","negative regulation of wound healing","9/417","77/18860",0.116883116883117,5.28636830795104,5.66714002196164,4.94858311935046e-05,0.00271179533507618,0.00237270491845964,"PLAU/TSPAN8/CEACAM1/FAP/KLKB1/F11/CD109/ANGPT2/PLAT",9
"GO:0015849","organic acid transport","21/417","357/18860",0.0588235294117647,2.6604598674002,4.76269742527976,5.00747643148006e-05,0.00271179533507618,0.00237270491845964,"SLC2A1/SLC26A9/ACSL5/SLC16A12/SLC1A2/SLC43A1/SLCO1B3/PLA2G1B/ABAT/SLC16A3/CEACAM1/SLC3A1/UGT1A3/PLA2R1/SLC6A6/SLC16A10/SLC22A3/CD36/SLC7A2/FABP4/SLC6A14",21
"GO:0001667","ameboidal-type cell migration","17/417","256/18860",0.06640625,3.00340977218225,4.85286466113873,5.96036539774632e-05,0.00318300068810203,0.00278498944608147,"PROX1/ACTA2/PTPRR/SEMA7A/ITGA3/ITGB4/NRP2/FN1/MMP9/FERMT1/EDNRA/ITGA2/SEMA6A/ANLN/SEMA3C/ADAM9/EPB41L4B",17
"GO:0007178","cell surface receptor protein serine/threonine kinase signaling pathway","24/417","446/18860",0.0538116591928251,2.43378391457238,4.60774714128678,6.11477025490179e-05,0.00322072488083526,0.00281799650103333,"DKK1/SLC39A5/ERO1A/GREM1/FBN1/ONECUT1/CDH3/ITGA3/COMP/LTBP1/TNFAIP6/COL3A1/ITGB6/FERMT1/LEF1/HPGD/RUNX2/CD109/COL1A2/INHBA/ADAM9/SULF1/MIR27B/CHRDL1",24
"GO:0019730","antimicrobial humoral response","14/417","184/18860",0.0760869565217391,3.44124700239808,5.00368862968423,6.25224578482214e-05,0.00324863311387042,0.00284241501113678,"CXCL12/MMP7/KRT6A/PLA2G1B/CCL18/REG3G/REG1A/CCL20/REG1B/REG3A/SLPI/CXCL5/PRSS2/PRSS3",14
"GO:0006631","fatty acid metabolic process","23/417","421/18860",0.0546318289786223,2.47087840416503,4.58945073109147,6.9149259692922e-05,0.0035450520469238,0.00310176889794497,"PM20D1/CYP2C18/ACSL5/PNLIP/PNLIPRP1/PNLIPRP2/PLA2G1B/CEACAM1/UGT1A1/UGT1A6/UGT1A4/UGT1A10/UGT1A8/UGT1A7/UGT1A3/UGT1A9/ACADL/HPGD/GSTA1/CD36/PRKAR2B/PDK4/CTHRC1",23
"GO:0043616","keratinocyte proliferation","8/417","63/18860",0.126984126984127,5.74321495184804,5.67035677124288,7.1394867633632e-05,0.00361201665856994,0.00316036006865773,"EFNB2/CDH3/REG3G/REG3A/FERMT1/AREG/CD109/SDR16C5",8
"GO:1990748","cellular detoxification","11/417","120/18860",0.0916666666666667,4.14588329336531,5.19828410292182,7.24887723516494e-05,0.00361973155444275,0.00316711027253413,"GPX2/AQP8/NQO1/PXDN/CP/ALB/GPX8/SLC22A3/GSTA1/CD36/ALDH1A1",11
"GO:0042180","ketone metabolic process","16/417","237/18860",0.0675105485232067,3.05335478452681,4.78327026890016,8.05163359071827e-05,0.0039690424559374,0.00347274236922208,"PROX1/NQO1/CEACAM1/KYNU/DHRS9/UGT1A1/UGT1A6/UGT1A4/UGT1A10/UGT1A8/UGT1A7/UGT1A3/UGT1A9/ACADL/INHBA/PDK4",16
"GO:0001666","response to hypoxia","19/417","317/18860",0.0599369085173502,2.7108155746696,4.61906848967578,8.8728199667563e-05,0.00431848009774405,0.00377848535826158,"SLC2A1/PLAU/CXCL12/BNIP3/AK4/POSTN/MMP14/EGLN3/ERO1A/ABAT/HK2/EPHA4/EDNRA/ITGA2/INHBA/ANGPT2/LOXL2/PLAT/LCN2",19
"GO:0043589","skin morphogenesis","4/417","12/18860",0.333333333333333,15.0759392486011,7.3341019860462,0.000101295245602568,0.00483860978063922,0.00423357658173238,"ITGB4/COL1A1/ITGA2/COL1A2",4
"GO:0043434","response to peptide hormone","24/417","461/18860",0.052060737527115,2.35459354858846,4.42765659982567,0.000101931701490709,0.00483860978063922,0.00423357658173238,"CELA2A/BTG2/SLC2A1/CXCL12/SCNN1A/PLA2G1B/FBN1/PKM/TRIM16/COL1A1/CEACAM1/REG3G/REG1A/COL3A1/REG1B/REG3A/GRB14/IGFBP5/TFF1/AREG/EDNRA/INHBA/PDK4/MIR27B",24
"GO:0060348","bone development","15/417","220/18860",0.0681818181818182,3.08371484630477,4.674533183282,0.000119770716693558,0.00560601545174353,0.00490502371741081,"EPYC/MMP14/GREM1/FBN1/COL1A1/COMP/COL3A1/ITGB6/TGM2/SULF2/CLDN18/ADAMTS12/RUNX2/SULF1/BGN",15
"GO:0010565","regulation of ketone metabolic process","12/417","149/18860",0.0805369127516778,3.64250881174255,4.86936863070091,0.000121014117683931,0.00560601545174353,0.00490502371741081,"PROX1/CEACAM1/UGT1A1/UGT1A6/UGT1A4/UGT1A10/UGT1A8/UGT1A7/UGT1A3/UGT1A9/ACADL/PDK4",12
"GO:0042572","retinol metabolic process","7/417","52/18860",0.134615384615385,6.08836008116584,5.52484088944159,0.000139286169061311,0.0063754141191345,0.00557821463958767,"CYP2C18/PNLIP/DHRS9/ADH1B/SDR16C5/CEL/ALDH1A1",7
"GO:0001894","tissue homeostasis","17/417","275/18860",0.0618181818181818,2.79590146064966,4.51106559818652,0.000142829119297647,0.0063754141191345,0.00557821463958767,"SLC2A1/CTSK/NOX4/IAPP/SERPINA3/CDH3/COMP/COL3A1/TFF2/TFF1/CLDN18/MUC13/ADGRV1/NT5E/PDK4/ALDH1A1/VSIG1",17
"GO:0060249","anatomical structure homeostasis","17/417","275/18860",0.0618181818181818,2.79590146064966,4.51106559818652,0.000142829119297647,0.0063754141191345,0.00557821463958767,"SLC2A1/CTSK/NOX4/IAPP/SERPINA3/CDH3/COMP/COL3A1/TFF2/TFF1/CLDN18/MUC13/ADGRV1/NT5E/PDK4/ALDH1A1/VSIG1",17
"GO:0043542","endothelial cell migration","18/417","302/18860",0.0596026490066225,2.69569774643861,4.46681436257054,0.000145066993550465,0.0063754141191345,0.00557821463958767,"PROX1/EFNB2/GREM1/CEACAM1/NRP2/FAP/FN1/S100P/ANXA3/EGF/MET/PRSS3P2/ANGPT2/LOXL2/PRSS3/MIR27B/LCN2/SRPX2",18
"GO:0070482","response to oxygen levels","20/417","357/18860",0.0560224089635854,2.5337713022859,4.3993165843884,0.000145913249020504,0.0063754141191345,0.00557821463958767,"SLC2A1/PLAU/CXCL12/BNIP3/AK4/POSTN/MMP14/EGLN3/ERO1A/ABAT/COL1A1/HK2/EPHA4/EDNRA/ITGA2/INHBA/ANGPT2/LOXL2/PLAT/LCN2",20
"GO:0036293","response to decreased oxygen levels","19/417","330/18860",0.0575757575757576,2.60402587021292,4.42020288129056,0.000149827809205717,0.00647289804939305,0.0056635089085922,"SLC2A1/PLAU/CXCL12/BNIP3/AK4/POSTN/MMP14/EGLN3/ERO1A/ABAT/HK2/EPHA4/EDNRA/ITGA2/INHBA/ANGPT2/LOXL2/PLAT/LCN2",19
"GO:0090130","tissue migration","10/417","110/18860",0.0909090909090909,4.11161979507303,4.92145826810398,0.000164372246996017,0.00702234766332985,0.00614425381753534,"PROX1/ACTA2/PTPRR/ITGA3/MMP9/FERMT1/ITGA2/ANLN/ADAM9/EPB41L4B",10
"GO:0006959","humoral immune response","18/417","307/18860",0.0586319218241042,2.65179387434678,4.3876253931128,0.000177835121348573,0.00735612675087522,0.0064362962414064,"CXCL12/MMP7/KRT6A/PLA2G1B/CCL18/REG3G/REG1A/CCL20/REG1B/REG3A/SLPI/CXCL5/C7/C6/PRSS2/CLU/PRSS3/C5",18
"GO:0061448","connective tissue development","18/417","307/18860",0.0586319218241042,2.65179387434678,4.3876253931128,0.000177835121348573,0.00735612675087522,0.0064362962414064,"NR5A2/COL11A1/CTSK/ACTA2/EPYC/GREM1/COL1A1/COMP/COL3A1/MBOAT2/MATN3/SULF2/TGFBI/ADAMTS12/RUNX2/SULF1/LOXL2/BGN",18
"GO:0008217","regulation of blood pressure","14/417","203/18860",0.0689655172413793,3.11915984453816,4.56459661467346,0.000177924522192821,0.00735612675087522,0.0064362962414064,"ACTA2/SCNN1A/POSTN/CHGA/ANPEP/ABAT/TTR/KLK1/EDNRA/CORIN/NMU/NPR3/COL1A2/MIR27B",14
"GO:0009913","epidermal cell differentiation","16/417","255/18860",0.0627450980392157,2.83782385856021,4.44294270646516,0.000188024149784517,0.00765967380003431,0.00670188692489485,"MCOLN3/KRT7/KRT6C/KRT6A/KRT6B/KRT5/SCEL/CDH3/KRT17/TRIM16/REG3G/REG3A/PLS1/CD109/SLC44A4/ADAM9",16
"GO:0002526","acute inflammatory response","10/417","112/18860",0.0892857142857143,4.03819801301816,4.84907821067901,0.000190759022634322,0.00765967380003431,0.00670188692489485,"FCGR3B/FCGR3A/SERPINA3/C2CD4B/REG3G/REG3A/FN1/KLKB1/LCN2/F8",10
"GO:0030216","keratinocyte differentiation","13/417","180/18860",0.0722222222222222,3.26645350386358,4.59416094111117,0.000191242830898126,0.00765967380003431,0.00670188692489485,"KRT7/KRT6C/KRT6A/KRT6B/KRT5/SCEL/CDH3/KRT17/TRIM16/REG3G/REG3A/CD109/ADAM9",13
"GO:0061844","antimicrobial humoral immune response mediated by antimicrobial peptide","11/417","135/18860",0.0814814814814815,3.6852295941025,4.70813568724753,0.00020809209020332,0.00824859883331717,0.00721717113716561,"CXCL12/MMP7/KRT6A/PLA2G1B/CCL18/REG3G/REG1A/CCL20/REG1B/REG3A/CXCL5",11
"GO:1903825","organic acid transmembrane transport","12/417","160/18860",0.075,3.39208633093525,4.56906789992847,0.000236376173778664,0.00927414681815269,0.00811448175506564,"SLC2A1/ACSL5/SLC16A12/SLC1A2/SLC43A1/SLC16A3/SLC3A1/SLC6A6/SLC16A10/CD36/SLC7A2/SLC6A14",12
"GO:0071559","response to transforming growth factor beta","18/417","318/18860",0.0566037735849057,2.56006515542283,4.21880627288113,0.000273541487704608,0.010609749928761,0.00928307734510172,"ACTA2/POSTN/ERO1A/FBN1/ONECUT1/CDH3/ITGA3/COL1A1/LTBP1/COL3A1/ITGB6/FERMT1/HPGD/CD109/COL1A2/ADAM9/MIR27B/MXRA5",18
"GO:0030277","maintenance of gastrointestinal epithelium","5/417","27/18860",0.185185185185185,8.3755218047784,5.76668799643337,0.000278695641821811,0.010609749928761,0.00928307734510172,"SERPINA3/TFF2/TFF1/MUC13/VSIG1",5
"GO:0042730","fibrinolysis","5/417","27/18860",0.185185185185185,8.3755218047784,5.76668799643337,0.000278695641821811,0.010609749928761,0.00928307734510172,"PLAU/FAP/KLKB1/F11/PLAT",5
"GO:0007044","cell-substrate junction assembly","9/417","99/18860",0.0909090909090909,4.11161979507303,4.66753631776521,0.000346594918393131,0.0130652692276626,0.0114315516943699,"COL17A1/MMP14/GREM1/CDH11/ITGB4/LAMA3/FN1/ITGA2/EFNA5",9
"GO:0015695","organic cation transport","10/417","121/18860",0.0826446280991736,3.73783617733912,4.54295580662718,0.000357795712521766,0.0133565486858853,0.0116864087605474,"PDZK1/SLC1A2/SLC43A1/AQP8/SLC6A6/SLC16A10/SLC22A3/SLC44A4/SLC7A2/SLC6A14",10
"GO:0042440","pigment metabolic process","8/417","80/18860",0.1,4.52278177458034,4.74782294514734,0.000385602218343348,0.0141562908084723,0.0123861489080494,"SLCO1B3/CDH3/UGT1A1/UGT1A4/UGT1A10/UGT1A8/UGT1A7/UGT1A9",8
"GO:0001889","liver development","11/417","145/18860",0.0758620689655172,3.43107582899198,4.41874729594693,0.00038658271388546,0.0141562908084723,0.0123861489080494,"PROX1/ONECUT1/CEACAM1/UGT1A10/UGT1A8/UGT1A7/UGT1A9/SULF2/ITGA2/MET/FGL1",11
"GO:0019216","regulation of lipid metabolic process","19/417","358/18860",0.053072625698324,2.40035904237504,4.02238049147041,0.00041804545069215,0.0151640071501067,0.0132678576009147,"NR5A2/PROX1/SERPINA3/AQP8/CEACAM1/UGT1A1/UGT1A6/UGT1A4/UGT1A10/UGT1A8/UGT1A7/UGT1A3/UGT1A9/ACADL/HPGD/ADGRF1/PDK4/EPHX2/MIR27B",19
"GO:0010631","epithelial cell migration","9/417","102/18860",0.0882352941176471,3.9906898011003,4.55396579632902,0.000432749791888064,0.0155506817739215,0.0136061813563625,"PROX1/PTPRR/ITGA3/MMP9/FERMT1/ITGA2/ANLN/ADAM9/EPB41L4B",9
"GO:0050892","intestinal absorption","6/417","45/18860",0.133333333333333,6.03037569944045,5.08002842346795,0.000442494652933177,0.0155938781636299,0.013643976349589,"PNLIP/GCNT3/PLS1/CD36/CEL/HEPH",6
"GO:0010838","positive regulation of keratinocyte proliferation","4/417","17/18860",0.235294117647059,10.6418394696008,5.98027159137424,0.000446118751105147,0.0155938781636299,0.013643976349589,"CDH3/REG3G/REG3A/AREG",4
"GO:0015697","quaternary ammonium group transport","4/417","17/18860",0.235294117647059,10.6418394696008,5.98027159137424,0.000446118751105147,0.0155938781636299,0.013643976349589,"PDZK1/SLC22A3/SLC44A4/SLC6A14",4
"GO:0061008","hepaticobiliary system development","11/417","148/18860",0.0743243243243243,3.36152699462052,4.33685839766861,0.000460294909011211,0.0159444497761091,0.0139507115144602,"PROX1/ONECUT1/CEACAM1/UGT1A10/UGT1A8/UGT1A7/UGT1A9/SULF2/ITGA2/MET/FGL1",11
"GO:0050919","negative chemotaxis","6/417","46/18860",0.130434782608696,5.89928057553957,5.00244396148771,0.00049950156700387,0.0169963143816804,0.0148710480497845,"FLRT2/SEMA7A/NRP2/EFNA5/SEMA6A/SEMA3C",6
"GO:0140448","signaling receptor ligand precursor processing","6/417","46/18860",0.130434782608696,5.89928057553957,5.00244396148771,0.00049950156700387,0.0169963143816804,0.0148710480497845,"ERO1B/BACE1/ANPEP/CORIN/PCSK1/SLC30A8",6
"GO:0090132","epithelium migration","9/417","105/18860",0.0857142857142857,3.87667009249743,4.44465184789108,0.000535792418810848,0.0180712443011203,0.0158115657481022,"PROX1/PTPRR/ITGA3/MMP9/FERMT1/ITGA2/ANLN/ADAM9/EPB41L4B",9
"GO:0006953","acute-phase response","6/417","47/18860",0.127659574468085,5.77376396754936,4.92711181195744,0.000562063332144484,0.0187924653225699,0.016442603290927,"SERPINA3/REG3G/REG3A/FN1/LCN2/F8",6
"GO:0022612","gland morphogenesis","10/417","129/18860",0.0775193798449612,3.50603238339561,4.29450019264238,0.000595060290226427,0.0196031761300107,0.0171519405684797,"PROX1/SERPINB5/CEACAM1/IGFBP5/TGM2/SULF2/AREG/SEMA3C/SULF1/FGL1",10
"GO:0071560","cellular response to transforming growth factor beta stimulus","17/417","311/18860",0.0546623794212219,2.47226013401497,3.93655270937507,0.000596507570145971,0.0196031761300107,0.0171519405684797,"ACTA2/POSTN/ERO1A/FBN1/ONECUT1/CDH3/ITGA3/COL1A1/LTBP1/COL3A1/ITGB6/FERMT1/HPGD/CD109/COL1A2/ADAM9/MIR27B",17
"GO:0015718","monocarboxylic acid transport","12/417","180/18860",0.0666666666666667,3.01518784972022,4.08483884289017,0.000687216970674154,0.0223927902732383,0.0195927336152952,"SLC2A1/ACSL5/SLC16A12/SLCO1B3/PLA2G1B/SLC16A3/CEACAM1/UGT1A3/PLA2R1/SLC22A3/CD36/FABP4",12
"GO:0150115","cell-substrate junction organization","9/417","109/18860",0.0825688073394495,3.73440696983697,4.3050258051763,0.000703656400812757,0.0224127362316835,0.0196101854757266,"COL17A1/MMP14/GREM1/CDH11/ITGB4/LAMA3/FN1/ITGA2/EFNA5",9
"GO:0071526","semaphorin-plexin signaling pathway","6/417","49/18860",0.122448979591837,5.53810013213919,4.78275073565152,0.000705316276731781,0.0224127362316835,0.0196101854757266,"SEMA7A/NRP2/EDNRA/SEMA6A/MET/SEMA3C",6
"GO:0090279","regulation of calcium ion import","6/417","49/18860",0.122448979591837,5.53810013213919,4.78275073565152,0.000705316276731781,0.0224127362316835,0.0196101854757266,"PLPP4/CXCL12/ATP2C2/KCNN4/EGF/SPINK1",6
"GO:1905039","carboxylic acid transmembrane transport","11/417","156/18860",0.0705128205128205,3.18914099489639,4.1283866094833,0.000716389941308656,0.0225780272486212,0.0197548080450601,"SLC2A1/ACSL5/SLC16A12/SLC1A2/SLC43A1/SLC16A3/SLC3A1/SLC16A10/CD36/SLC7A2/SLC6A14",11
"GO:0010232","vascular transport","8/417","88/18860",0.0909090909090909,4.11161979507303,4.39930592484882,0.000733707530156985,0.0227508504310775,0.0199060209370265,"SLC2A1/SLC16A12/SLC1A2/SLC6A6/SLC4A4/SLC22A3/CD36/SLC7A2",8
"GO:0150104","transport across blood-brain barrier","8/417","88/18860",0.0909090909090909,4.11161979507303,4.39930592484882,0.000733707530156985,0.0227508504310775,0.0199060209370265,"SLC2A1/SLC16A12/SLC1A2/SLC6A6/SLC4A4/SLC22A3/CD36/SLC7A2",8
"GO:0006939","smooth muscle contraction","9/417","110/18860",0.0818181818181818,3.70045781556573,4.27114857191929,0.000751711424420188,0.023122643415165,0.0202313238942899,"CHRM3/ACTA2/ABAT/COMP/SULF2/EDNRA/NMU/ITGA2/SULF1",9
"GO:0010837","regulation of keratinocyte proliferation","6/417","50/18860",0.12,5.4273381294964,4.71351475225948,0.000786766656232999,0.0240088713747292,0.0210067354496296,"EFNB2/CDH3/REG3G/REG3A/AREG/CD109",6
"GO:0097205","renal filtration","5/417","34/18860",0.147058823529412,6.65114966850049,4.95916793774744,0.000846042122986632,0.0253846607027139,0.0222104922608647,"ITGA3/TTR/SULF2/EDNRA/SULF1",5
"GO:0098869","cellular oxidant detoxification","8/417","90/18860",0.0888888888888889,4.02025046629363,4.31860668881286,0.000851657017074146,0.0253846607027139,0.0222104922608647,"GPX2/NQO1/PXDN/CP/ALB/GPX8/GSTA1/CD36",8
"GO:1905477","positive regulation of protein localization to membrane","8/417","90/18860",0.0888888888888889,4.02025046629363,4.31860668881286,0.000851657017074146,0.0253846607027139,0.0222104922608647,"PDZK1/ITGA3/DSG3/DPP10/TNFAIP6/PLS1/CD36/AGR2",8
"GO:0051546","keratinocyte migration","4/417","20/18860",0.2,9.04556354916067,5.41305690618371,0.000861726114502262,0.0254872070020092,0.0223002158862286,"MMP9/FERMT1/ADAM9/EPB41L4B",4
"GO:0001822","kidney development","17/417","323/18860",0.0526315789473684,2.38041146030544,3.76271796551502,0.000908222570620792,0.0266573723972286,0.0233240605520615,"PROX1/CENPF/ACTA2/EFNB2/GREM1/GCNT3/FBN1/ITGA3/EPHA4/MMP9/SULF2/EDNRA/HPGD/ADAMTS6/PKHD1/SULF1/ANGPT2",17
"GO:0006935","chemotaxis","22/417","474/18860",0.0464135021097046,2.09918141436218,3.64440382700086,0.000927597165698857,0.0270197810766069,0.0236411526441272,"S100A14/PLAU/CXCL12/PLA2G1B/EFNB2/FLRT2/CHGA/GREM1/SEMA7A/CCL18/TNFAIP6/NRP2/CCL20/CXCL5/LEF1/ITGA2/EFNA5/SEMA6A/MET/SEMA3C/ANGPT2/C5",22
"GO:0002063","chondrocyte development","5/417","35/18860",0.142857142857143,6.46111682082905,4.86249951647209,0.000969344041346844,0.0278143868580494,0.0243363987128398,"COL11A1/COMP/SULF2/RUNX2/SULF1",5
"GO:0048333","mesodermal cell differentiation","5/417","35/18860",0.142857142857143,6.46111682082905,4.86249951647209,0.000969344041346844,0.0278143868580494,0.0243363987128398,"DKK1/ITGA3/ITGB4/ITGA2/INHBA",5
"GO:0042330","taxis","22/417","476/18860",0.046218487394958,2.09036132438587,3.62297622249294,0.000979482783690304,0.0278971207651053,0.024408787342489,"S100A14/PLAU/CXCL12/PLA2G1B/EFNB2/FLRT2/CHGA/GREM1/SEMA7A/CCL18/TNFAIP6/NRP2/CCL20/CXCL5/LEF1/ITGA2/EFNA5/SEMA6A/MET/SEMA3C/ANGPT2/C5",22
"GO:0044703","multi-organism reproductive process","13/417","217/18860",0.0599078341013825,2.70950060228315,3.80848982719975,0.00112876948710387,0.0319126373376058,0.0279221925757274,"SLC2A1/EPYC/SERPINA5/ITGA3/ITGB4/DSG2/FOSB/IGFBP5/MMP9/CORIN/HPGD/ITGA2/ANGPT2",13
"GO:0015911","long-chain fatty acid import across plasma membrane","3/417","10/18860",0.3,13.568345323741,5.97769843851756,0.0011470790876047,0.0321935700134311,0.028167996649901,"SLC2A1/ACSL5/CD36",3
"GO:0001974","blood vessel remodeling","6/417","54/18860",0.111111111111111,5.02531308286704,4.45409938655728,0.00118738978292099,0.0328703239900906,0.0287601274306562,"CEACAM1/EDNRA/NPR3/SEMA3C/MIR27B/BGN",6
"GO:0032102","negative regulation of response to external stimulus","21/417","452/18860",0.0464601769911504,2.10129241739352,3.56352769362098,0.0011884639616789,0.0328703239900906,0.0287601274306562,"NR5A2/IL22RA1/PLAU/MMP12/BACE1/OAS1/TSPAN8/GREM1/DSG2/CEACAM1/TNFAIP6/REG3A/FAP/EPHA4/KLKB1/F11/CD109/NT5E/ANGPT2/PLAT/C5",21
"GO:0071772","response to BMP","12/417","192/18860",0.0625,2.82673860911271,3.82551316422027,0.00120599469460787,0.0328703239900906,0.0287601274306562,"DKK1/SLC39A5/GREM1/FBN1/ITGA3/COMP/TNFAIP6/LEF1/ADAMTS12/RUNX2/SULF1/CHRDL1",12
"GO:0071773","cellular response to BMP stimulus","12/417","192/18860",0.0625,2.82673860911271,3.82551316422027,0.00120599469460787,0.0328703239900906,0.0287601274306562,"DKK1/SLC39A5/GREM1/FBN1/ITGA3/COMP/TNFAIP6/LEF1/ADAMTS12/RUNX2/SULF1/CHRDL1",12
"GO:0007589","body fluid secretion","8/417","95/18860",0.0842105263157895,3.8086583364887,4.12665350568472,0.00121393654267695,0.0328703239900906,0.0287601274306562,"CHRM3/ANO1/OAS2/KCNN4/HK2/XDH/AGR2/CEL",8
"GO:0044241","lipid digestion","4/417","22/18860",0.181818181818182,8.22323959014606,5.09726883260793,0.00125637677546037,0.0333156462182423,0.0291497653311895,"PNLIP/PNLIPRP2/CD36/CEL",4
"GO:0072574","hepatocyte proliferation","4/417","22/18860",0.181818181818182,8.22323959014606,5.09726883260793,0.00125637677546037,0.0333156462182423,0.0291497653311895,"PROX1/CEACAM1/SULF2/FGL1",4
"GO:0072575","epithelial cell proliferation involved in liver morphogenesis","4/417","22/18860",0.181818181818182,8.22323959014606,5.09726883260793,0.00125637677546037,0.0333156462182423,0.0291497653311895,"PROX1/CEACAM1/SULF2/FGL1",4
"GO:0072001","renal system development","17/417","334/18860",0.0508982035928144,2.3020146756846,3.61002207493146,0.00130676466600391,0.0342216632035073,0.0299424914375222,"PROX1/CENPF/ACTA2/EFNB2/GREM1/GCNT3/FBN1/ITGA3/EPHA4/MMP9/SULF2/EDNRA/HPGD/ADAMTS6/PKHD1/SULF1/ANGPT2",17
"GO:0032330","regulation of chondrocyte differentiation","6/417","55/18860",0.109090909090909,4.93394375408764,4.39323461427277,0.00130834447097934,0.0342216632035073,0.0299424914375222,"NR5A2/GREM1/MBOAT2/ADAMTS12/RUNX2/LOXL2",6
"GO:0045109","intermediate filament organization","7/417","75/18860",0.0933333333333333,4.22126298960831,4.2030328991368,0.00133814864962339,0.0347647402554184,0.0304176606272855,"KRT7/KRT6C/KRT6A/KRT6B/KRT5/KRT17/KRT19",7
"GO:0120254","olefinic compound metabolic process","11/417","169/18860",0.0650887573964497,2.94382245682744,3.816763526253,0.00137864352130665,0.0355764049625775,0.0311278325262878,"CYP2C18/PNLIP/DHRS9/ADH1B/GSTA1/INHBA/EPHX2/CTHRC1/SDR16C5/CEL/ALDH1A1",11
"GO:1903829","positive regulation of protein localization","21/417","459/18860",0.0457516339869281,2.06924656353349,3.48718564199009,0.00143598775031488,0.0368091526664047,0.0322064340351322,"PDZK1/CHRM3/PLA2G1B/ABHD17C/ABAT/ITGA3/DSG3/DSG2/KCNN4/DPP10/TNFAIP6/TTN/PLS1/ECT2/EGF/NMU/CD36/CFTR/AGR2/ADAM9/SLC30A8",21
"GO:0061035","regulation of cartilage development","7/417","76/18860",0.0921052631578947,4.16572005553452,4.15811827651762,0.00144642969150514,0.0368312726081939,0.0322257880379954,"NR5A2/CTSK/GREM1/MBOAT2/ADAMTS12/RUNX2/LOXL2",7
"GO:0038127","ERBB signaling pathway","10/417","145/18860",0.0689655172413793,3.11915984453816,3.85180574010109,0.00146169458580773,0.0369751031738863,0.0323516336304813,"PLAU/GPRC5A/PTPRR/NRG4/CEACAM1/ANTXR1/MMP9/AREG/EGF/AGR2",10
"GO:0007565","female pregnancy","12/417","197/18860",0.0609137055837563,2.75499397436366,3.72331336581863,0.00150185511376447,0.0377426987740155,0.0330232469459321,"SLC2A1/EPYC/ITGA3/ITGB4/DSG2/FOSB/IGFBP5/MMP9/CORIN/HPGD/ITGA2/ANGPT2",12
"GO:0034975","protein folding in endoplasmic reticulum","3/417","11/18860",0.272727272727273,12.3348593852191,5.65431366676317,0.00155146056788817,0.0382395248944231,0.0334579485490593,"ERO1B/ERO1A/PDIA2",3
"GO:0035581","sequestering of extracellular ligand from receptor","3/417","11/18860",0.272727272727273,12.3348593852191,5.65431366676317,0.00155146056788817,0.0382395248944231,0.0334579485490593,"GREM1/FBN1/LTBP1",3
"GO:0090673","endothelial cell-matrix adhesion","3/417","11/18860",0.272727272727273,12.3348593852191,5.65431366676317,0.00155146056788817,0.0382395248944231,0.0334579485490593,"MMP12/CEACAM6/LEF1",3
"GO:0002762","negative regulation of myeloid leukocyte differentiation","6/417","57/18860",0.105263157894737,4.76082292061088,4.275809171127,0.0015782645671525,0.0384329008810537,0.0336271442655116,"IAPP/FBN1/CEACAM1/TNFAIP6/CLDN18/INHBA",6
"GO:0001942","hair follicle development","8/417","99/18860",0.0808080808080808,3.65477315117603,3.98225069726145,0.00158429527034501,0.0384329008810537,0.0336271442655116,"DKK1/CDH3/KRT17/IGFBP5/FERMT1/FOXQ1/CD109/INHBA",8
"GO:0042044","fluid transport","5/417","39/18860",0.128205128205128,5.79843817253889,4.51047660032711,0.00159928846319079,0.0384329008810537,0.0336271442655116,"AQP8/AQP12A/AQP12B/CLDN18/CFTR",5
"GO:0050974","detection of mechanical stimulus involved in sensory perception","5/417","39/18860",0.128205128205128,5.79843817253889,4.51047660032711,0.00159928846319079,0.0384329008810537,0.0336271442655116,"COL11A1/CXCL12/BACE1/ITGA2/ADGRV1",5
"GO:0061138","morphogenesis of a branching epithelium","12/417","199/18860",0.0603015075376884,2.72730559271176,3.68332326002173,0.0016358523140223,0.0390674046423339,0.0341823079151048,"PROX1/MMP14/GREM1/TGM2/AREG/EGF/EDNRA/LEF1/PKHD1/MET/SEMA3C/SULF1",12
"GO:0044706","multi-multicellular organism process","13/417","227/18860",0.0572687224669604,2.59013934227068,3.62425122185377,0.00169218415460459,0.040163259718856,0.0351411342307751,"SLC2A1/EPYC/SERPINA5/ITGA3/ITGB4/DSG2/FOSB/IGFBP5/MMP9/CORIN/HPGD/ITGA2/ANGPT2",13
"GO:0050954","sensory perception of mechanical stimulus","12/417","200/18860",0.06,2.7136690647482,3.66351276937189,0.00170645345987753,0.0402534573817736,0.0352200533275337,"COL11A1/CXCL12/BACE1/EPYC/GJB2/CEMIP/HOMER2/TMC7/COL1A1/ITGA2/ADGRV1/DCDC2",12
"GO:0050982","detection of mechanical stimulus","6/417","58/18860",0.103448275862069,4.67873976680724,4.21912715512469,0.00172813354275697,0.0405163016579302,0.0354500308257464,"COL11A1/CXCL12/BACE1/TTN/ITGA2/ADGRV1",6
"GO:0072576","liver morphogenesis","4/417","24/18860",0.166666666666667,7.53796962430056,4.81909794435747,0.00176249841824837,0.0410715540494846,0.0359358529168853,"PROX1/CEACAM1/SULF2/FGL1",4
"GO:0006820","monoatomic anion transport","11/417","175/18860",0.0628571428571429,2.84289140116478,3.6828479717414,0.00182098061684893,0.042178737781832,0.0369045913218083,"PDZK1/MCOLN3/SLC26A9/ANO1/SLC1A2/FXYD3/APOL1/SLC4A4/GABRP/CFTR/SLC6A14",11
"GO:0001755","neural crest cell migration","6/417","59/18860",0.101694915254237,4.59943909279356,4.16372401020493,0.00188855599797534,0.0433288706080708,0.0379109083466961,"SEMA7A/NRP2/FN1/EDNRA/SEMA6A/SEMA3C",6
"GO:0007179","transforming growth factor beta receptor signaling pathway","14/417","258/18860",0.0542635658914729,2.45422266837693,3.53649067851809,0.00189317302006655,0.0433288706080708,0.0379109083466961,"ERO1A/FBN1/ONECUT1/CDH3/ITGA3/LTBP1/COL3A1/ITGB6/FERMT1/HPGD/CD109/COL1A2/ADAM9/MIR27B",14
"GO:0022404","molting cycle process","8/417","102/18860",0.0784313725490196,3.54727982320026,3.87877913124432,0.00191669933339629,0.0433512290406397,0.0379304710187898,"DKK1/CDH3/KRT17/IGFBP5/FERMT1/FOXQ1/CD109/INHBA",8
"GO:0022405","hair cycle process","8/417","102/18860",0.0784313725490196,3.54727982320026,3.87877913124432,0.00191669933339629,0.0433512290406397,0.0379304710187898,"DKK1/CDH3/KRT17/IGFBP5/FERMT1/FOXQ1/CD109/INHBA",8
"GO:0002040","sprouting angiogenesis","12/417","203/18860",0.0591133004926108,2.67356558103271,3.60480206592475,0.00193344574693144,0.0434742625552713,0.038038120081212,"EFNB2/GREM1/PKM/DSG2/CEACAM1/TGM2/LEF1/ESM1/SEMA6A/LOXL2/MIR27B/SRPX2",12
"GO:0010669","epithelial structure maintenance","5/417","41/18860",0.121951219512195,5.51558752997602,4.35230675103584,0.00200783219917824,0.0439550249340416,0.038458766597549,"SERPINA3/TFF2/TFF1/MUC13/VSIG1",5
"GO:0071711","basement membrane organization","5/417","41/18860",0.121951219512195,5.51558752997602,4.35230675103584,0.00200783219917824,0.0439550249340416,0.038458766597549,"FLRT2/COL3A1/PXDN/FERMT1/MMP11",5
"GO:0014831","gastro-intestinal system smooth muscle contraction","3/417","12/18860",0.25,11.3069544364508,5.37031694065987,0.00203484900865004,0.0439550249340416,0.038458766597549,"SULF2/NMU/SULF1",3
"GO:0048012","hepatocyte growth factor receptor signaling pathway","3/417","12/18860",0.25,11.3069544364508,5.37031694065987,0.00203484900865004,0.0439550249340416,0.038458766597549,"ADAMTS12/ESM1/MET",3
"GO:0051549","positive regulation of keratinocyte migration","3/417","12/18860",0.25,11.3069544364508,5.37031694065987,0.00203484900865004,0.0439550249340416,0.038458766597549,"MMP9/ADAM9/EPB41L4B",3
"GO:0071372","cellular response to follicle-stimulating hormone stimulus","3/417","12/18860",0.25,11.3069544364508,5.37031694065987,0.00203484900865004,0.0439550249340416,0.038458766597549,"EDNRA/EFNA5/INHBA",3
"GO:0160257","complement activation, GZMK pathway","3/417","12/18860",0.25,11.3069544364508,5.37031694065987,0.00203484900865004,0.0439550249340416,0.038458766597549,"C7/C6/C5",3
"GO:0030509","BMP signaling pathway","11/417","179/18860",0.0614525139664804,2.77936310169741,3.5966867113149,0.00217554659372948,0.046731713144636,0.04088825000623,"DKK1/SLC39A5/GREM1/FBN1/ITGA3/COMP/TNFAIP6/LEF1/RUNX2/SULF1/CHRDL1",11
"GO:0016486","peptide hormone processing","5/417","42/18860",0.119047619047619,5.38426401735754,4.27706831363435,0.00223843973297292,0.0472140612844345,0.0413102839956342,"ERO1B/ANPEP/CORIN/PCSK1/SLC30A8",5
"GO:0090497","mesenchymal cell migration","6/417","61/18860",0.0983606557377049,4.44863781106262,4.05654878900417,0.00224294257611514,0.0472140612844345,0.0413102839956342,"SEMA7A/NRP2/FN1/EDNRA/SEMA6A/SEMA3C",6
"GO:1904645","response to amyloid-beta","6/417","61/18860",0.0983606557377049,4.44863781106262,4.05654878900417,0.00224294257611514,0.0472140612844345,0.0413102839956342,"MMP12/BACE1/EPHA4/MMP9/CD36/LCN2",6
"GO:0031424","keratinization","7/417","82/18860",0.0853658536585366,3.86091127098321,3.90389584378336,0.0022471191716649,0.0472140612844345,0.0413102839956342,"KRT7/KRT6C/KRT6A/KRT6B/KRT5/CDH3/KRT17",7
"GO:0034308","primary alcohol metabolic process","8/417","105/18860",0.0761904761904762,3.44592897110883,3.77912738398551,0.00230178340888738,0.0480997674302825,0.0420852389862933,"CYP2C18/PNLIP/DHRS9/SULT1B1/ADH1B/SDR16C5/CEL/ALDH1A1",8
